CASE_ID,COO,HTS_CODE,ADD_ORDER_NUMBER,CVD_ORDER_NUMBER,ADD_RATE,CVD_RATE,EFFECTIVE_DATE,STATUS
MX-7318-900,MX,7318240000,A-201-900,C-201-900,10.0,25.0,2022-08-10,ACTIVE
CN-8708-900,CN,8708101000,A-570-900,C-570-900,200.0,25.0,2024-08-12,ACTIVE
IN-8504-900,IN,8504501000,A-533-900,C-533-900,100.0,5.0,2020-02-26,ACTIVE
IN-8483-901,IN,8483102000,A-533-901,,25.0,0.0,2018-07-18,ACTIVE
CN-8412-901,CN,8412215000,A-570-901,C-570-901,50.0,50.0,2024-09-21,REVOKED
IN-8504-902,IN,8504101000,A-533-902,C-533-902,10.0,10.0,2024-02-11,ACTIVE
CN-8481-902,CN,8481401000,A-570-902,C-570-902,50.0,100.0,2018-06-21,ACTIVE
IN-8414-903,IN,8414301000,A-533-903,,150.0,0.0,2023-06-07,ACTIVE
CN-8708-903,CN,8708301000,A-570-903,C-570-903,250.0,50.0,2024-06-23,ACTIVE
CN-7318-904,CN,7318160000,A-570-904,C-570-904,300.0,75.0,2019-06-20,ACTIVE
CN-7318-905,CN,7318130000,A-570-905,,200.0,0.0,2019-10-21,ACTIVE
VN-8708-900,VN,8708101000,A-552-900,,10.0,0.0,2021-03-12,ACTIVE
VN-8708-901,VN,8708101000,A-552-901,C-552-901,50.0,5.0,2020-05-07,SUSPENDED
KR-8413-900,KR,8413309100,A-580-900,C-580-900,10.0,5.0,2018-12-24,ACTIVE
CN-7318-906,CN,7318120000,A-570-906,C-570-906,100.0,75.0,2020-10-22,ACTIVE
CN-8414-907,CN,8414308000,A-570-907,,300.0,0.0,2022-01-11,ACTIVE
IN-7318-904,IN,7318230000,A-533-904,,25.0,0.0,2018-03-24,ACTIVE
CN-8414-908,CN,8414308000,A-570-908,,50.0,0.0,2020-12-04,ACTIVE
MX-7318-901,MX,7318140000,A-201-901,C-201-901,50.0,25.0,2019-09-10,ACTIVE
MX-8481-902,MX,8481201000,A-201-902,C-201-902,10.0,25.0,2024-08-29,ACTIVE
CN-8408-909,CN,8408209000,A-570-909,C-570-909,150.0,50.0,2022-11-11,ACTIVE
MX-8708-903,MX,8708999800,A-201-903,C-201-903,75.0,5.0,2022-04-21,REVOKED
KR-8504-901,KR,8504501000,A-580-901,,25.0,0.0,2019-11-09,ACTIVE
CN-7326-910,CN,7326200000,A-570-910,C-570-910,25.0,100.0,2023-03-24,ACTIVE
CN-8503-911,CN,8503001000,A-570-911,C-570-911,100.0,100.0,2023-12-24,ACTIVE
CN-8501-912,CN,8501521000,A-570-912,C-570-912,150.0,25.0,2019-03-30,ACTIVE
IN-8507-905,IN,8507101000,A-533-905,,10.0,0.0,2021-03-14,ACTIVE
CN-8483-913,CN,8483509000,A-570-913,C-570-913,25.0,75.0,2019-10-18,ACTIVE
IN-8501-906,IN,8501521000,A-533-906,C-533-906,100.0,10.0,2021-08-09,ACTIVE
VN-8481-902,VN,8481809000,A-552-902,C-552-902,75.0,10.0,2023-05-22,ACTIVE
VN-8708-903,VN,8708101000,A-552-903,,5.0,0.0,2020-10-24,ACTIVE
IN-8413-907,IN,8413301000,A-533-907,C-533-907,25.0,200.0,2023-12-15,ACTIVE
KR-8481-902,KR,8481809000,A-580-902,,10.0,0.0,2023-04-15,ACTIVE
CN-8412-914,CN,8412291000,A-570-914,C-570-914,50.0,10.0,2023-07-17,SUSPENDED
CN-8483-915,CN,8483401000,A-570-915,,25.0,0.0,2023-03-29,ACTIVE
CN-8409-916,CN,8409919100,A-570-916,C-570-916,50.0,75.0,2021-11-28,ACTIVE
KR-8536-903,KR,8536101000,A-580-903,C-580-903,25.0,5.0,2023-08-13,REVOKED
CN-8413-917,CN,8413309100,A-570-917,C-570-917,200.0,75.0,2018-03-20,ACTIVE
CN-8536-918,CN,8536411000,A-570-918,C-570-918,250.0,10.0,2019-06-05,ACTIVE
CN-7318-919,CN,7318140000,A-570-919,,250.0,0.0,2023-01-02,ACTIVE
CN-8708-920,CN,8708911000,A-570-920,C-570-920,100.0,75.0,2019-07-13,ACTIVE
CN-8708-921,CN,8708709000,A-570-921,C-570-921,100.0,75.0,2024-08-28,ACTIVE
IN-8414-908,IN,8414308000,A-533-908,C-533-908,150.0,150.0,2018-08-04,REVOKED
CN-8708-922,CN,8708101000,A-570-922,C-570-922,25.0,10.0,2023-01-02,ACTIVE
IN-8481-909,IN,8481809000,A-533-909,,10.0,0.0,2020-01-23,ACTIVE
IN-7326-910,IN,7326200000,A-533-910,C-533-910,25.0,10.0,2020-02-10,REVOKED
CN-8409-923,CN,8409999100,A-570-923,,25.0,0.0,2022-10-23,ACTIVE
CN-8481-924,CN,8481802500,A-570-924,,25.0,0.0,2023-09-06,ACTIVE
VN-7318-904,VN,7318210000,A-552-904,C-552-904,75.0,10.0,2019-02-18,ACTIVE
MX-8414-904,MX,8414909000,A-201-904,C-201-904,50.0,10.0,2018-10-14,ACTIVE
IN-7318-911,IN,7318240000,A-533-911,C-533-911,50.0,200.0,2022-04-14,ACTIVE
IN-8544-912,IN,8544609000,A-533-912,C-533-912,50.0,10.0,2021-06-07,ACTIVE
CN-7326-925,CN,7326110000,A-570-925,C-570-925,250.0,75.0,2021-04-20,ACTIVE
CN-7318-926,CN,7318140000,A-570-926,C-570-926,250.0,100.0,2021-08-09,ACTIVE
CN-8503-927,CN,8503001000,A-570-927,C-570-927,50.0,75.0,2021-11-28,SUSPENDED
IN-7318-913,IN,7318140000,A-533-913,,100.0,0.0,2024-08-11,ACTIVE
CN-8507-928,CN,8507309000,A-570-928,C-570-928,150.0,50.0,2022-10-26,ACTIVE
CN-7326-929,CN,7326901000,A-570-929,C-570-929,250.0,50.0,2021-01-28,ACTIVE
CN-8536-930,CN,8536699000,A-570-930,C-570-930,50.0,25.0,2021-06-22,ACTIVE
MX-7326-905,MX,7326110000,A-201-905,C-201-905,50.0,5.0,2021-06-03,ACTIVE
MX-8503-906,MX,8503009500,A-201-906,C-201-906,25.0,10.0,2021-10-08,SUSPENDED
IN-8481-914,IN,8481802500,A-533-914,,150.0,0.0,2024-03-05,ACTIVE
IN-8414-915,IN,8414909000,A-533-915,C-533-915,50.0,5.0,2021-01-06,SUSPENDED
CN-8414-931,CN,8414901000,A-570-931,,300.0,0.0,2020-02-27,ACTIVE
CN-8504-932,CN,8504101000,A-570-932,C-570-932,25.0,50.0,2024-08-18,ACTIVE
MX-8708-907,MX,8708301000,A-201-907,,25.0,0.0,2022-05-20,ACTIVE
VN-8483-905,VN,8483102000,A-552-905,,50.0,0.0,2021-01-12,ACTIVE
CN-8412-933,CN,8412211000,A-570-933,C-570-933,100.0,25.0,2019-11-26,SUSPENDED
MX-8504-908,MX,8504501000,A-201-908,,5.0,0.0,2022-08-13,ACTIVE
CN-8408-934,CN,8408102000,A-570-934,C-570-934,100.0,100.0,2024-04-21,ACTIVE
IN-8413-916,IN,8413819000,A-533-916,C-533-916,50.0,10.0,2022-05-01,ACTIVE
CN-8413-935,CN,8413819000,A-570-935,C-570-935,200.0,75.0,2018-05-23,ACTIVE
KR-7318-904,KR,7318230000,A-580-904,,25.0,0.0,2018-07-06,ACTIVE
IN-8413-917,IN,8413819000,A-533-917,C-533-917,150.0,50.0,2022-10-14,ACTIVE
VN-8408-906,VN,8408201000,A-552-906,,10.0,0.0,2022-06-01,ACTIVE
CN-8507-936,CN,8507101000,A-570-936,C-570-936,150.0,10.0,2019-07-21,ACTIVE
CN-7318-937,CN,7318210000,A-570-937,C-570-937,25.0,75.0,2022-01-27,ACTIVE
IN-8413-918,IN,8413709100,A-533-918,C-533-918,10.0,25.0,2022-10-09,ACTIVE
CN-8544-938,CN,8544191000,A-570-938,C-570-938,100.0,50.0,2018-05-31,ACTIVE
CN-8409-939,CN,8409991000,A-570-939,C-570-939,25.0,75.0,2023-07-13,ACTIVE
MX-8409-909,MX,8409914000,A-201-909,C-201-909,5.0,25.0,2019-04-14,ACTIVE
CN-8504-940,CN,8504401000,A-570-940,,300.0,0.0,2020-05-02,REVOKED
CN-8544-941,CN,8544421000,A-570-941,C-570-941,150.0,50.0,2019-04-01,REVOKED
MX-7318-910,MX,7318290000,A-201-910,C-201-910,50.0,25.0,2020-07-12,SUSPENDED
CN-8544-942,CN,8544421000,A-570-942,C-570-942,200.0,10.0,2019-08-04,ACTIVE
MX-8507-911,MX,8507101000,A-201-911,C-201-911,75.0,5.0,2020-02-11,ACTIVE
MX-8544-912,MX,8544111000,A-201-912,C-201-912,75.0,25.0,2023-11-01,ACTIVE
IN-8483-919,IN,8483109000,A-533-919,C-533-919,10.0,150.0,2019-12-16,SUSPENDED
CN-8413-943,CN,8413309100,A-570-943,C-570-943,25.0,75.0,2020-12-07,ACTIVE
IN-8708-920,IN,8708921000,A-533-920,C-533-920,25.0,150.0,2023-06-19,REVOKED
IN-8503-921,IN,8503009900,A-533-921,C-533-921,50.0,5.0,2020-01-26,ACTIVE
IN-8503-922,IN,8503009900,A-533-922,C-533-922,150.0,5.0,2018-01-08,ACTIVE
IN-8536-923,IN,8536411000,A-533-923,C-533-923,100.0,50.0,2021-09-30,ACTIVE
IN-8507-924,IN,8507800000,A-533-924,,100.0,0.0,2023-03-21,SUSPENDED
KR-8413-905,KR,8413709100,A-580-905,C-580-905,75.0,10.0,2024-07-11,ACTIVE
CN-8408-944,CN,8408101000,A-570-944,C-570-944,150.0,50.0,2022-06-22,ACTIVE
MX-8708-913,MX,8708999800,A-201-913,,5.0,0.0,2022-08-03,ACTIVE
IN-8536-925,IN,8536101000,A-533-925,,100.0,0.0,2020-07-22,ACTIVE
CN-8501-945,CN,8501102000,A-570-945,C-570-945,300.0,100.0,2020-06-27,ACTIVE
CN-7318-946,CN,7318290000,A-570-946,C-570-946,100.0,50.0,2018-03-02,ACTIVE
CN-8708-947,CN,8708501000,A-570-947,,100.0,0.0,2022-05-19,ACTIVE
IN-8501-926,IN,8501521000,A-533-926,,100.0,0.0,2022-01-08,ACTIVE
CN-8507-948,CN,8507309000,A-570-948,,250.0,0.0,2020-08-06,ACTIVE
VN-8708-907,VN,8708401000,A-552-907,,25.0,0.0,2023-02-03,ACTIVE
IN-8501-927,IN,8501311000,A-533-927,,150.0,0.0,2018-01-21,ACTIVE
IN-8409-928,IN,8409919900,A-533-928,C-533-928,10.0,100.0,2018-01-24,ACTIVE
IN-8409-929,IN,8409914000,A-533-929,C-533-929,100.0,150.0,2019-02-26,ACTIVE
CN-8544-949,CN,8544301000,A-570-949,,300.0,0.0,2020-12-27,ACTIVE
IN-8481-930,IN,8481809000,A-533-930,C-533-930,100.0,5.0,2024-03-21,SUSPENDED
MX-8504-914,MX,8504909500,A-201-914,,25.0,0.0,2018-01-09,ACTIVE
IN-8503-931,IN,8503001000,A-533-931,C-533-931,100.0,100.0,2021-07-30,ACTIVE
CN-8413-950,CN,8413601000,A-570-950,C-570-950,25.0,75.0,2019-11-16,ACTIVE
CN-8483-951,CN,8483509000,A-570-951,C-570-951,25.0,10.0,2023-05-26,ACTIVE
KR-8544-906,KR,8544111000,A-580-906,,75.0,0.0,2023-03-25,ACTIVE
MX-7318-915,MX,7318160000,A-201-915,C-201-915,10.0,5.0,2022-02-10,ACTIVE
CN-8507-952,CN,8507800000,A-570-952,,50.0,0.0,2021-07-21,ACTIVE
CN-8504-953,CN,8504401000,A-570-953,C-570-953,300.0,75.0,2024-02-22,ACTIVE
IN-7318-932,IN,7318290000,A-533-932,C-533-932,150.0,50.0,2023-01-10,ACTIVE
CN-8413-954,CN,8413709100,A-570-954,C-570-954,25.0,25.0,2022-11-27,ACTIVE
CN-8413-955,CN,8413301000,A-570-955,C-570-955,150.0,10.0,2019-08-21,ACTIVE
CN-8413-956,CN,8413309100,A-570-956,,25.0,0.0,2023-05-07,ACTIVE
MX-8481-916,MX,8481101000,A-201-916,C-201-916,50.0,10.0,2024-01-19,ACTIVE
CN-8412-957,CN,8412391000,A-570-957,C-570-957,100.0,25.0,2019-07-06,ACTIVE
MX-7318-917,MX,7318150000,A-201-917,,10.0,0.0,2024-05-29,ACTIVE
CN-8536-958,CN,8536501000,A-570-958,C-570-958,250.0,10.0,2018-04-25,ACTIVE
CN-7318-959,CN,7318210000,A-570-959,C-570-959,100.0,75.0,2023-05-09,ACTIVE
MX-8412-918,MX,8412291000,A-201-918,C-201-918,10.0,10.0,2022-01-25,ACTIVE
CN-8501-960,CN,8501201000,A-570-960,C-570-960,200.0,50.0,2023-06-19,ACTIVE
CN-8414-961,CN,8414599500,A-570-961,,150.0,0.0,2020-12-26,ACTIVE
KR-8481-907,KR,8481201000,A-580-907,,50.0,0.0,2018-02-04,ACTIVE
KR-8408-908,KR,8408102000,A-580-908,,5.0,0.0,2021-09-09,ACTIVE
CN-8544-962,CN,8544421000,A-570-962,C-570-962,250.0,50.0,2023-05-29,ACTIVE
CN-8481-963,CN,8481809000,A-570-963,C-570-963,150.0,10.0,2020-02-29,ACTIVE
IN-8481-933,IN,8481802500,A-533-933,C-533-933,25.0,200.0,2019-04-19,ACTIVE
CN-7326-964,CN,7326908600,A-570-964,C-570-964,50.0,75.0,2022-06-16,ACTIVE
IN-7318-934,IN,7318230000,A-533-934,,25.0,0.0,2023-08-25,ACTIVE
IN-8708-935,IN,8708501000,A-533-935,C-533-935,150.0,5.0,2024-08-18,ACTIVE
CN-7318-965,CN,7318240000,A-570-965,,300.0,0.0,2020-03-08,ACTIVE
VN-8483-908,VN,8483509000,A-552-908,C-552-908,5.0,10.0,2023-07-13,ACTIVE
VN-8409-909,VN,8409911000,A-552-909,C-552-909,10.0,5.0,2021-06-30,ACTIVE
CN-8414-966,CN,8414599500,A-570-966,C-570-966,50.0,10.0,2018-07-07,ACTIVE
CN-8414-967,CN,8414909000,A-570-967,C-570-967,150.0,50.0,2021-07-04,ACTIVE
CN-8708-968,CN,8708291000,A-570-968,C-570-968,50.0,75.0,2019-12-28,ACTIVE
VN-8708-910,VN,8708941000,A-552-910,C-552-910,10.0,10.0,2023-09-07,SUSPENDED
CN-7318-969,CN,7318110000,A-570-969,C-570-969,100.0,50.0,2022-09-03,ACTIVE
CN-8536-970,CN,8536699000,A-570-970,C-570-970,150.0,25.0,2024-09-15,ACTIVE
IN-8708-936,IN,8708911000,A-533-936,,10.0,0.0,2018-05-31,ACTIVE
IN-8408-937,IN,8408109000,A-533-937,C-533-937,25.0,10.0,2018-04-06,ACTIVE
CN-8503-971,CN,8503001000,A-570-971,C-570-971,25.0,25.0,2018-07-24,ACTIVE
IN-8414-938,IN,8414599500,A-533-938,,25.0,0.0,2018-08-28,ACTIVE
MX-8708-919,MX,8708999700,A-201-919,C-201-919,5.0,25.0,2018-12-22,ACTIVE
MX-8483-920,MX,8483101000,A-201-920,,25.0,0.0,2022-07-01,ACTIVE
CN-8412-972,CN,8412311000,A-570-972,C-570-972,200.0,50.0,2023-11-29,SUSPENDED
MX-7318-921,MX,7318240000,A-201-921,C-201-921,75.0,10.0,2019-05-28,ACTIVE
IN-8413-939,IN,8413309100,A-533-939,,10.0,0.0,2020-08-17,ACTIVE
MX-7318-922,MX,7318230000,A-201-922,C-201-922,25.0,5.0,2024-07-10,ACTIVE
VN-8409-911,VN,8409999100,A-552-911,,25.0,0.0,2024-01-30,ACTIVE
MX-8501-923,MX,8501201000,A-201-923,C-201-923,25.0,5.0,2019-02-21,ACTIVE
IN-7326-940,IN,7326190000,A-533-940,C-533-940,25.0,100.0,2022-02-17,SUSPENDED
MX-7318-924,MX,7318130000,A-201-924,C-201-924,5.0,10.0,2018-01-11,ACTIVE
KR-8413-909,KR,8413819000,A-580-909,C-580-909,10.0,5.0,2024-05-29,ACTIVE
CN-8708-973,CN,8708999500,A-570-973,C-570-973,50.0,75.0,2021-09-16,SUSPENDED
IN-8708-941,IN,8708501000,A-533-941,C-533-941,100.0,150.0,2018-10-17,ACTIVE
CN-7318-974,CN,7318120000,A-570-974,C-570-974,50.0,50.0,2019-07-30,ACTIVE
CN-8414-975,CN,8414599500,A-570-975,,50.0,0.0,2024-04-15,ACTIVE
CN-8409-976,CN,8409919900,A-570-976,C-570-976,25.0,25.0,2020-12-03,ACTIVE
IN-8507-942,IN,8507309000,A-533-942,,25.0,0.0,2020-09-17,ACTIVE
CN-8408-977,CN,8408209000,A-570-977,C-570-977,300.0,75.0,2022-12-21,ACTIVE
CN-8413-978,CN,8413819000,A-570-978,C-570-978,25.0,25.0,2021-12-10,ACTIVE
CN-7318-979,CN,7318160000,A-570-979,,100.0,0.0,2020-09-27,SUSPENDED
VN-8413-912,VN,8413709100,A-552-912,C-552-912,10.0,10.0,2021-02-10,ACTIVE
IN-8544-943,IN,8544301000,A-533-943,C-533-943,25.0,25.0,2021-10-25,SUSPENDED
KR-7326-910,KR,7326110000,A-580-910,C-580-910,75.0,10.0,2019-07-17,ACTIVE
CN-8708-980,CN,8708999700,A-570-980,C-570-980,200.0,10.0,2019-01-30,SUSPENDED
MX-7318-925,MX,7318110000,A-201-925,,75.0,0.0,2021-12-02,SUSPENDED
CN-8501-981,CN,8501201000,A-570-981,,50.0,0.0,2023-07-28,ACTIVE
MX-8409-926,MX,8409911000,A-201-926,C-201-926,25.0,10.0,2021-05-12,ACTIVE
CN-8414-982,CN,8414308000,A-570-982,C-570-982,150.0,75.0,2022-05-31,ACTIVE
IN-8503-944,IN,8503001000,A-533-944,C-533-944,150.0,50.0,2022-04-08,ACTIVE
IN-8481-945,IN,8481301000,A-533-945,C-533-945,50.0,100.0,2022-06-23,ACTIVE
CN-7326-983,CN,7326200000,A-570-983,,300.0,0.0,2023-03-14,ACTIVE
CN-8414-984,CN,8414909000,A-570-984,C-570-984,50.0,25.0,2024-08-04,ACTIVE
MX-8481-927,MX,8481201000,A-201-927,C-201-927,25.0,25.0,2021-09-19,SUSPENDED
CN-8503-985,CN,8503004500,A-570-985,,150.0,0.0,2020-05-29,ACTIVE
IN-7318-946,IN,7318210000,A-533-946,C-533-946,100.0,25.0,2018-01-22,SUSPENDED
CN-8412-986,CN,8412391000,A-570-986,C-570-986,150.0,100.0,2020-06-23,ACTIVE
CN-8504-987,CN,8504401000,A-570-987,C-570-987,100.0,50.0,2024-08-01,ACTIVE
CN-8708-988,CN,8708301000,A-570-988,C-570-988,100.0,100.0,2018-02-11,ACTIVE
VN-8483-913,VN,8483401000,A-552-913,C-552-913,75.0,5.0,2018-04-14,ACTIVE
CN-8501-989,CN,8501102000,A-570-989,C-570-989,200.0,100.0,2019-08-04,ACTIVE
IN-8708-947,IN,8708999100,A-533-947,C-533-947,150.0,100.0,2018-07-06,ACTIVE
KR-8507-911,KR,8507500000,A-580-911,,25.0,0.0,2023-03-06,ACTIVE
IN-8536-948,IN,8536411000,A-533-948,,100.0,0.0,2019-03-04,ACTIVE
KR-8708-912,KR,8708801000,A-580-912,,75.0,0.0,2019-11-28,ACTIVE
CN-7326-990,CN,7326901000,A-570-990,C-570-990,50.0,25.0,2018-06-20,ACTIVE
IN-8481-949,IN,8481401000,A-533-949,C-533-949,10.0,150.0,2021-11-30,ACTIVE
CN-8412-991,CN,8412211000,A-570-991,C-570-991,50.0,100.0,2018-11-11,ACTIVE
CN-8507-992,CN,8507201000,A-570-992,C-570-992,25.0,10.0,2019-01-28,ACTIVE
CN-8536-993,CN,8536101000,A-570-993,C-570-993,25.0,25.0,2022-02-15,ACTIVE
IN-8507-950,IN,8507800000,A-533-950,C-533-950,10.0,150.0,2020-01-19,ACTIVE
